student_id,login_frequency,task_completion_rate,community_messages,fees_paid,segment,status
1,7,21.296416150891073,90,0,1,At-Risk (Need Nudge)
2,20,13.637147558676975,36,0,1,At-Risk (Need Nudge)
3,29,1.4544665667881929,67,1,1,At-Risk (Need Nudge)
4,15,35.058755880659696,49,1,0,Steady Learners
5,11,58.991768685463306,18,1,0,Steady Learners
6,8,39.22440450997323,99,1,0,Steady Learners
7,29,43.747492202372904,59,1,0,Steady Learners
8,21,90.41586944937484,88,0,2,Top Tier (Future Leaders)
9,7,34.82554670233004,145,1,0,Steady Learners
10,26,51.39894891598108,146,0,0,Steady Learners
11,19,78.3653012741143,68,1,2,Steady Learners
12,23,39.65427823212701,48,1,0,Steady Learners
13,11,62.20867002278735,107,1,0,Steady Learners
14,11,86.23637087467452,118,1,2,Steady Learners
15,24,94.9520623657642,148,1,2,Top Tier (Future Leaders)
16,21,14.707348092903793,149,1,1,At-Risk (Need Nudge)
17,4,92.65876251614944,36,1,2,Steady Learners
18,8,49.21162930795382,142,0,0,Steady Learners
19,24,25.824438829895836,10,1,1,At-Risk (Need Nudge)
20,3,45.913575623826134,137,0,0,Steady Learners
21,22,98.0032575285477,77,0,2,Top Tier (Future Leaders)
22,21,49.26180939928696,76,1,0,Steady Learners
23,2,32.875161028750824,1,1,1,Steady Learners
24,24,63.34008543167258,63,1,0,Steady Learners
25,12,24.014561877819308,34,1,1,At-Risk (Need Nudge)
26,6,7.586332810866391,6,1,1,At-Risk (Need Nudge)
27,2,12.887972191064922,84,0,1,At-Risk (Need Nudge)
28,28,12.804583895777244,145,1,1,At-Risk (Need Nudge)
29,21,15.190269351229436,66,1,1,At-Risk (Need Nudge)
30,1,13.882717264941014,41,1,1,At-Risk (Need Nudge)
31,12,64.08747448032146,117,1,0,Steady Learners
32,26,18.188008439914483,124,1,1,At-Risk (Need Nudge)
33,22,34.56672833238632,23,0,0,Steady Learners
34,29,89.67884099060119,45,1,2,Top Tier (Future Leaders)
35,12,47.39616402628724,18,1,0,Steady Learners
36,25,66.75577385210272,67,1,0,Steady Learners
37,17,17.231987120162984,101,1,1,At-Risk (Need Nudge)
38,27,19.228901880867078,41,1,1,At-Risk (Need Nudge)
39,27,4.086861626647886,31,0,1,At-Risk (Need Nudge)
40,10,16.893506307216455,108,1,1,At-Risk (Need Nudge)
41,28,27.85903390319586,35,1,1,At-Risk (Need Nudge)
42,28,17.70104842767468,96,0,1,At-Risk (Need Nudge)
43,16,8.87025337570556,130,1,1,At-Risk (Need Nudge)
44,15,12.06358711006008,72,1,1,At-Risk (Need Nudge)
45,15,46.077876803272574,135,1,0,Steady Learners
46,19,20.63337184057925,96,1,1,At-Risk (Need Nudge)
47,12,36.42698610480755,122,1,0,Steady Learners
48,23,50.34172708548569,69,1,0,Steady Learners
49,20,69.03948286293652,12,1,2,Steady Learners
50,25,3.9312139841098936,48,1,1,At-Risk (Need Nudge)
51,3,79.94103989090426,59,1,2,Steady Learners
52,5,62.79003894909078,129,0,0,Steady Learners
53,19,8.17590319488719,4,1,1,At-Risk (Need Nudge)
54,7,87.35786241067773,26,1,2,Steady Learners
55,21,92.08724005318132,148,1,2,Top Tier (Future Leaders)
56,9,6.107795985486375,7,0,1,At-Risk (Need Nudge)
57,7,27.687764814720374,49,1,1,At-Risk (Need Nudge)
58,18,80.62012797930613,66,1,2,Steady Learners
59,4,74.82596903836584,43,1,2,Steady Learners
60,25,18.45210193563773,124,1,1,At-Risk (Need Nudge)
61,28,20.93493233367103,57,0,1,At-Risk (Need Nudge)
62,14,37.0472102791382,2,1,0,Steady Learners
63,18,48.45229851910213,85,1,0,Steady Learners
64,26,61.825477153029595,69,0,0,Steady Learners
65,9,36.891363956977244,129,1,0,Steady Learners
66,26,46.25347161331479,1,1,0,Steady Learners
67,21,74.74709381337566,101,0,2,Top Tier (Future Leaders)
68,2,3.66832028905979,34,1,1,At-Risk (Need Nudge)
69,20,25.243694434402077,97,1,1,At-Risk (Need Nudge)
70,28,71.33495858845524,29,1,2,Top Tier (Future Leaders)
71,15,89.52068376871993,115,0,2,Steady Learners
72,28,51.167744211566614,7,1,0,Steady Learners
73,7,53.211348526531566,149,1,0,Steady Learners
74,12,10.717201133977605,43,1,1,At-Risk (Need Nudge)
75,29,44.741236682345466,35,1,0,Steady Learners
76,8,53.261726645502314,76,1,0,Steady Learners
77,15,24.247050363472965,30,1,1,At-Risk (Need Nudge)
78,3,26.924323094938096,46,1,1,At-Risk (Need Nudge)
79,14,37.728416310462265,54,1,0,Steady Learners
80,17,2.007119777772637,105,1,1,At-Risk (Need Nudge)
81,4,32.20791655831783,120,1,1,Steady Learners
82,18,21.144800699654464,54,1,1,At-Risk (Need Nudge)
83,8,32.74973521779147,143,1,1,Steady Learners
84,4,11.976213181925122,11,1,1,At-Risk (Need Nudge)
85,2,89.0527280739895,144,1,2,Steady Learners
86,6,59.359245355404866,143,1,0,Steady Learners
87,22,67.91023191444896,139,1,2,Steady Learners
88,10,78.91712386073382,135,1,2,Steady Learners
89,4,49.84421989290573,2,1,0,Steady Learners
90,22,8.69202880874237,143,1,1,At-Risk (Need Nudge)
91,29,53.71065418185478,29,0,0,Steady Learners
92,18,58.68411180208791,22,0,0,Steady Learners
93,26,74.54394741843299,91,1,2,Top Tier (Future Leaders)
94,12,43.16595462296794,114,1,0,Steady Learners
95,2,12.758030279556376,103,1,1,At-Risk (Need Nudge)
96,10,28.377590579872447,117,1,1,At-Risk (Need Nudge)
97,4,36.30822963986351,4,1,0,Steady Learners
98,14,64.59172413316013,103,0,0,Steady Learners
99,16,57.077830466891186,107,1,0,Steady Learners
100,15,35.60967258978462,64,1,0,Steady Learners
101,8,98.65152487929797,120,1,2,Steady Learners
102,14,60.577481935688716,29,1,0,Steady Learners
103,23,23.72267917359945,148,1,1,At-Risk (Need Nudge)
104,28,10.178247262040374,83,0,1,At-Risk (Need Nudge)
105,25,15.285913918433202,149,1,1,At-Risk (Need Nudge)
106,8,24.595772838450813,31,1,1,At-Risk (Need Nudge)
107,21,16.06813732595557,15,1,1,At-Risk (Need Nudge)
108,16,18.656702405130577,37,1,1,At-Risk (Need Nudge)
109,13,28.50951686938471,141,1,1,At-Risk (Need Nudge)
110,18,17.33735952947548,35,1,1,At-Risk (Need Nudge)
111,15,89.67654246264252,113,1,2,Steady Learners
112,21,8.023374566164222,65,1,1,At-Risk (Need Nudge)
113,24,52.451138957025464,104,1,0,Steady Learners
114,26,41.03968269896615,84,1,0,Steady Learners
115,25,98.23786169086064,1,1,2,Top Tier (Future Leaders)
116,28,11.203890216805235,74,1,1,At-Risk (Need Nudge)
117,28,39.785559904574164,66,0,0,Steady Learners
118,28,96.94704332753689,54,0,2,Top Tier (Future Leaders)
119,13,86.55071258939803,5,0,2,Steady Learners
120,9,81.707207094928,149,1,2,Steady Learners
121,29,25.790282704493983,142,1,1,At-Risk (Need Nudge)
122,15,17.088758739006582,85,0,1,At-Risk (Need Nudge)
123,13,66.8643219924431,59,0,0,Steady Learners
124,1,92.93759891275857,100,1,2,Steady Learners
125,25,55.67628930139298,11,1,0,Steady Learners
126,7,57.161268946989985,48,1,0,Steady Learners
127,9,27.997909366028416,41,1,1,At-Risk (Need Nudge)
128,24,76.94929331919369,81,1,2,Top Tier (Future Leaders)
129,1,18.704374855752338,34,0,1,At-Risk (Need Nudge)
130,12,32.367923640424365,133,1,1,Steady Learners
131,8,42.54364386164168,66,1,0,Steady Learners
132,24,50.7610378684455,79,1,0,Steady Learners
133,11,24.240973241508023,6,1,1,At-Risk (Need Nudge)
134,19,11.483682473920354,13,0,1,At-Risk (Need Nudge)
135,17,61.06200424416326,72,1,0,Steady Learners
136,8,28.863055324025577,142,1,1,At-Risk (Need Nudge)
137,3,58.123822142261226,148,1,0,Steady Learners
138,3,15.436271527420232,65,1,1,At-Risk (Need Nudge)
139,1,48.114010185481746,90,1,0,Steady Learners
140,27,53.258943255158584,129,0,0,Steady Learners
141,5,5.182353682242691,19,0,1,At-Risk (Need Nudge)
142,10,33.660427819392055,9,1,0,Steady Learners
143,7,13.441467693897424,24,1,1,At-Risk (Need Nudge)
144,26,6.337497047276774,24,0,1,At-Risk (Need Nudge)
145,9,98.99602323899452,53,1,2,Steady Learners
146,28,32.235384497472296,32,1,1,Steady Learners
147,7,80.98744458546349,94,1,2,Steady Learners
148,9,25.464065476376383,13,0,1,At-Risk (Need Nudge)
149,8,68.15027222239293,64,1,2,Steady Learners
150,12,76.02278598896865,109,1,2,Steady Learners
151,2,59.56387406078443,79,1,0,Steady Learners
152,1,47.15761885501584,53,1,0,Steady Learners
153,16,41.18409141472685,124,1,0,Steady Learners
154,23,34.88682665429953,130,1,0,Steady Learners
155,23,92.95291442478259,133,0,2,Top Tier (Future Leaders)
156,24,83.06194077877291,24,1,2,Top Tier (Future Leaders)
157,5,96.50269106665125,140,0,2,Steady Learners
158,3,12.429722348554472,116,1,1,At-Risk (Need Nudge)
159,12,73.08674752036443,135,1,2,Steady Learners
160,8,93.83404568210378,148,1,2,Steady Learners
161,22,18.123306616566015,24,1,1,At-Risk (Need Nudge)
162,27,6.6496267366777495,78,0,1,At-Risk (Need Nudge)
163,3,74.11206492900591,67,1,2,Steady Learners
164,1,57.44731131799119,11,1,0,Steady Learners
165,3,84.1828776758272,31,1,2,Steady Learners
166,5,13.97723766262895,127,0,1,At-Risk (Need Nudge)
167,15,79.52673118598902,95,1,2,Steady Learners
168,14,20.162732004774455,91,1,1,At-Risk (Need Nudge)
169,3,16.36559428657045,140,1,1,At-Risk (Need Nudge)
170,1,16.426579793099293,30,1,1,At-Risk (Need Nudge)
171,5,81.45747202313821,77,1,2,Steady Learners
172,26,66.51972206962002,19,1,0,Steady Learners
173,23,52.30654247691193,145,1,0,Steady Learners
174,14,35.88304841235025,59,1,0,Steady Learners
175,7,87.72005408131082,133,1,2,Steady Learners
176,27,39.244510742263536,92,1,0,Steady Learners
177,9,81.65994394715771,42,1,2,Steady Learners
178,15,43.91349085702184,129,1,0,Steady Learners
179,15,37.69444294249076,59,0,0,Steady Learners
180,26,46.26797856696064,30,1,0,Steady Learners
181,10,30.13778741641421,4,1,1,Steady Learners
182,28,74.76093801762511,9,1,2,Top Tier (Future Leaders)
183,13,50.27203900924791,88,0,0,Steady Learners
184,19,23.22126951468173,129,1,1,At-Risk (Need Nudge)
185,7,89.95745732745685,125,1,2,Steady Learners
186,17,38.38912213732114,10,1,0,Steady Learners
187,20,54.35528611139886,55,1,0,Steady Learners
188,29,90.6472110964547,82,1,2,Top Tier (Future Leaders)
189,4,62.42379959139921,136,0,0,Steady Learners
190,5,11.689804070836407,98,0,1,At-Risk (Need Nudge)
191,23,93.98321236134751,148,1,2,Top Tier (Future Leaders)
192,7,62.770805307141785,72,1,0,Steady Learners
193,13,33.49056146570861,114,1,0,Steady Learners
194,15,13.927207266338726,6,1,1,At-Risk (Need Nudge)
195,11,79.4025189270296,79,1,2,Steady Learners
196,29,62.00727559285135,143,1,0,Steady Learners
197,4,53.34610919763215,96,1,0,Steady Learners
198,13,89.38925830509577,3,1,2,Steady Learners
199,7,78.85972112245308,3,0,2,Steady Learners
200,27,15.167487973275119,102,1,1,At-Risk (Need Nudge)
201,19,31.172206779554823,39,1,1,Steady Learners
202,22,24.848913981446575,16,0,1,At-Risk (Need Nudge)
203,28,74.3946292572677,100,1,2,Top Tier (Future Leaders)
204,2,3.353243473577938,102,1,1,At-Risk (Need Nudge)
205,10,56.98896848713165,123,1,0,Steady Learners
206,13,76.24586857406905,51,1,2,Steady Learners
207,25,87.67656367617495,51,1,2,Top Tier (Future Leaders)
208,21,34.20817487159075,123,1,0,Steady Learners
209,6,82.12573046720128,62,1,2,Steady Learners
210,28,11.063173695520723,115,1,1,At-Risk (Need Nudge)
211,28,84.64522917345182,61,1,2,Top Tier (Future Leaders)
212,12,12.748866233198243,6,0,1,At-Risk (Need Nudge)
213,12,39.72872905603673,91,0,0,Steady Learners
214,20,79.72953657795536,13,1,2,Steady Learners
215,11,14.991742734877377,85,1,1,At-Risk (Need Nudge)
216,26,22.92513952326415,132,1,1,At-Risk (Need Nudge)
217,23,72.22525683930662,129,1,2,Top Tier (Future Leaders)
218,28,72.00365365460743,61,0,2,Top Tier (Future Leaders)
219,25,64.11476328852973,148,1,0,Steady Learners
220,7,69.39484444671,78,1,2,Steady Learners
221,1,54.27244433475962,148,0,0,Steady Learners
222,1,25.179905890695274,137,1,1,At-Risk (Need Nudge)
223,25,34.56959935039195,57,0,0,Steady Learners
224,27,18.159771680142565,119,1,1,At-Risk (Need Nudge)
225,25,90.84505613336283,132,1,2,Top Tier (Future Leaders)
226,20,58.339179476612046,64,1,0,Steady Learners
227,13,40.08514167636399,12,1,0,Steady Learners
228,9,46.20058036441327,81,1,0,Steady Learners
229,3,94.72833396118153,138,1,2,Steady Learners
230,7,15.33514031160802,148,0,1,At-Risk (Need Nudge)
231,6,58.62298320167972,51,1,0,Steady Learners
232,8,50.5888678884466,116,1,0,Steady Learners
233,27,61.14542354346478,25,1,0,Steady Learners
234,9,1.8110183820840509,33,1,1,At-Risk (Need Nudge)
235,5,87.21239089441515,51,0,2,Steady Learners
236,1,93.21182824836124,111,1,2,Steady Learners
237,19,56.51331835892089,81,1,0,Steady Learners
238,10,69.66508238768922,41,0,2,Steady Learners
239,12,92.24993811772957,20,1,2,Steady Learners
240,24,70.72386343133986,41,0,2,Top Tier (Future Leaders)
241,15,15.253904291426135,140,1,1,At-Risk (Need Nudge)
242,27,57.62883601668132,112,1,0,Steady Learners
243,22,60.67150463828559,104,1,0,Steady Learners
244,24,42.4130671302386,16,1,0,Steady Learners
245,9,73.64442356247228,119,1,2,Steady Learners
246,20,93.43670147690149,136,1,2,Steady Learners
247,17,92.55685129067763,128,1,2,Steady Learners
248,17,45.08393714041321,129,1,0,Steady Learners
249,26,11.323804584075525,59,1,1,At-Risk (Need Nudge)
250,20,98.48411989623345,47,0,2,Steady Learners
251,12,83.88980864459342,28,1,2,Steady Learners
252,7,12.466268120326685,96,1,1,At-Risk (Need Nudge)
253,2,92.08418826173724,9,0,2,Steady Learners
254,3,86.98963620621282,57,1,2,Steady Learners
255,17,51.88380571260721,20,1,0,Steady Learners
256,5,59.127543574492925,27,0,0,Steady Learners
257,17,39.90027038701302,33,1,0,Steady Learners
258,24,5.476163882203133,7,1,1,At-Risk (Need Nudge)
259,17,33.519724164590095,78,1,0,Steady Learners
260,27,80.28534485980114,144,0,2,Top Tier (Future Leaders)
261,17,0.4632023004602859,86,0,1,At-Risk (Need Nudge)
262,2,33.34991716911442,87,1,0,Steady Learners
263,2,39.81686935909433,68,1,0,Steady Learners
264,28,53.73956029379229,86,1,0,Steady Learners
265,22,91.98556164127605,100,1,2,Top Tier (Future Leaders)
266,23,34.634599436596126,7,0,0,Steady Learners
267,5,34.69532018962277,76,1,0,Steady Learners
268,1,73.75012481097484,86,1,2,Steady Learners
269,1,45.221794088980715,42,1,0,Steady Learners
270,19,22.460482293998197,128,1,1,At-Risk (Need Nudge)
271,2,45.24395161326934,108,1,0,Steady Learners
272,21,14.085702037979985,16,1,1,At-Risk (Need Nudge)
273,12,17.63869865062233,132,0,1,At-Risk (Need Nudge)
274,26,49.83677727394797,147,1,0,Steady Learners
275,6,41.89254495045479,20,1,0,Steady Learners
276,23,91.48459010681,57,1,2,Top Tier (Future Leaders)
277,4,36.23938991166331,109,1,0,Steady Learners
278,23,58.05883502780434,138,1,0,Steady Learners
279,11,63.22642879195304,142,1,0,Steady Learners
280,24,1.3094456588333636,134,0,1,At-Risk (Need Nudge)
281,27,66.35373720167107,27,1,0,Steady Learners
282,17,17.803596686975144,50,1,1,At-Risk (Need Nudge)
283,6,96.10703174694551,4,1,2,Steady Learners
284,24,14.866272775311295,4,1,1,At-Risk (Need Nudge)
285,5,41.462412372702374,93,1,0,Steady Learners
286,20,8.534966807864386,95,0,1,At-Risk (Need Nudge)
287,2,99.68742518459473,7,1,2,Steady Learners
288,6,50.21950103312426,63,1,0,Steady Learners
289,22,59.53850173200438,137,0,0,Steady Learners
290,11,6.7076477388427485,37,1,1,At-Risk (Need Nudge)
291,16,74.99604703991778,110,1,2,Steady Learners
292,16,20.990559309558577,111,0,1,At-Risk (Need Nudge)
293,1,89.80542894407138,80,1,2,Steady Learners
294,9,20.513964048200716,135,1,1,At-Risk (Need Nudge)
295,28,19.068772066366655,103,1,1,At-Risk (Need Nudge)
296,27,3.654966784809488,72,1,1,At-Risk (Need Nudge)
297,6,47.206694510999924,48,1,0,Steady Learners
298,16,56.48411332626164,35,1,0,Steady Learners
299,29,6.570863942835237,125,1,1,At-Risk (Need Nudge)
300,3,77.55276166950105,67,1,2,Steady Learners
301,20,45.32888347480276,77,1,0,Steady Learners
302,28,52.439026932758004,104,1,0,Steady Learners
303,27,44.07627469382282,121,1,0,Steady Learners
304,4,40.0763060875326,118,1,0,Steady Learners
305,19,55.96403313082179,113,1,0,Steady Learners
306,26,15.52402459307125,9,1,1,At-Risk (Need Nudge)
307,3,18.19281304952711,148,1,1,At-Risk (Need Nudge)
308,19,86.17856210135173,139,1,2,Steady Learners
309,20,94.61154621336327,90,1,2,Steady Learners
310,7,37.330931627975296,1,0,0,Steady Learners
311,20,27.074467314355378,117,1,1,At-Risk (Need Nudge)
312,9,64.39995432390158,12,1,0,Steady Learners
313,1,40.87341710980964,94,1,0,Steady Learners
314,8,2.538635566034486,143,1,1,At-Risk (Need Nudge)
315,7,15.615259736619036,31,1,1,At-Risk (Need Nudge)
316,18,71.59722288473975,31,0,2,Steady Learners
317,8,65.89239419101514,123,1,0,Steady Learners
318,1,2.709599250348349,10,1,1,At-Risk (Need Nudge)
319,11,22.197216193294945,9,1,1,At-Risk (Need Nudge)
320,28,23.10747965880714,14,1,1,At-Risk (Need Nudge)
321,25,67.18927435987284,16,1,0,Steady Learners
322,25,1.9710537754364155,145,1,1,At-Risk (Need Nudge)
323,18,10.410858198457385,58,1,1,At-Risk (Need Nudge)
324,23,79.99160853731894,77,1,2,Top Tier (Future Leaders)
325,10,17.85446620543336,123,1,1,At-Risk (Need Nudge)
326,3,65.27461078518748,113,1,0,Steady Learners
327,7,23.81827810467265,21,1,1,At-Risk (Need Nudge)
328,28,9.944139275934516,31,1,1,At-Risk (Need Nudge)
329,16,24.317219099945408,112,1,1,At-Risk (Need Nudge)
330,26,72.22669318556592,119,1,2,Top Tier (Future Leaders)
331,16,85.56964681062857,148,1,2,Steady Learners
332,25,83.02198645669915,121,1,2,Top Tier (Future Leaders)
333,20,39.71835296184548,31,1,0,Steady Learners
334,28,66.80851365706462,118,1,0,Steady Learners
335,17,20.498429541582098,38,1,1,At-Risk (Need Nudge)
336,2,29.314773026101328,11,0,1,At-Risk (Need Nudge)
337,1,89.63358185211197,17,1,2,Steady Learners
338,16,1.3001923510736035,148,1,1,At-Risk (Need Nudge)
339,12,8.550853085446807,140,1,1,At-Risk (Need Nudge)
340,5,20.78862551460273,148,1,1,At-Risk (Need Nudge)
341,5,2.6532203873819715,125,1,1,At-Risk (Need Nudge)
342,27,18.143543508979732,135,1,1,At-Risk (Need Nudge)
343,23,58.304156096969216,45,0,0,Steady Learners
344,9,42.1424550592498,103,1,0,Steady Learners
345,9,89.26717110769748,134,1,2,Steady Learners
346,3,81.7443561738441,85,1,2,Steady Learners
347,19,34.1817351697876,149,1,0,Steady Learners
348,16,25.94234334312925,88,1,1,At-Risk (Need Nudge)
349,16,37.96924081672669,21,0,0,Steady Learners
350,3,59.02949425148078,91,1,0,Steady Learners
351,20,26.806364082287626,28,1,1,At-Risk (Need Nudge)
352,24,62.4148907849134,12,1,0,Steady Learners
353,22,40.941165219124045,1,1,0,Steady Learners
354,24,55.204718085198024,28,1,0,Steady Learners
355,1,43.61265291353167,26,1,0,Steady Learners
356,24,29.44657595419177,49,1,1,At-Risk (Need Nudge)
357,20,94.84533069621567,94,1,2,Steady Learners
358,11,76.36057941597608,87,1,2,Steady Learners
359,17,14.011317576645254,43,1,1,At-Risk (Need Nudge)
360,8,86.84679758979128,21,0,2,Steady Learners
361,4,48.743119824951364,96,1,0,Steady Learners
362,6,89.45522268940914,2,1,2,Steady Learners
363,8,79.98552559473153,117,1,2,Steady Learners
364,20,42.52135044692334,18,1,0,Steady Learners
365,3,2.24693083201174,22,1,1,At-Risk (Need Nudge)
366,16,26.867735938494608,29,1,1,At-Risk (Need Nudge)
367,25,54.16342146608669,38,0,0,Steady Learners
368,3,63.347821982614725,107,1,0,Steady Learners
369,25,25.788768543320227,110,1,1,At-Risk (Need Nudge)
370,29,13.935607407282413,24,1,1,At-Risk (Need Nudge)
371,18,83.4930236799299,127,1,2,Steady Learners
372,14,98.44021807035521,110,0,2,Steady Learners
373,18,52.56901823026858,135,1,0,Steady Learners
374,2,17.16792858483035,105,1,1,At-Risk (Need Nudge)
375,22,27.230732651936897,143,1,1,At-Risk (Need Nudge)
376,3,1.8390676547466733,71,1,1,At-Risk (Need Nudge)
377,16,91.4298806560499,128,1,2,Steady Learners
378,29,11.775108289014113,107,1,1,At-Risk (Need Nudge)
379,9,57.651647551425356,4,1,0,Steady Learners
380,4,27.4055220687206,2,1,1,At-Risk (Need Nudge)
381,1,55.417800251579344,131,0,0,Steady Learners
382,4,65.14203883518643,103,1,0,Steady Learners
383,1,82.97418037072016,63,0,2,Steady Learners
384,14,20.64212717606032,105,0,1,At-Risk (Need Nudge)
385,21,1.0995828658480478,97,1,1,At-Risk (Need Nudge)
386,16,13.688563006880727,9,1,1,At-Risk (Need Nudge)
387,20,90.00186418481051,148,1,2,Steady Learners
388,24,87.38900775625153,127,1,2,Top Tier (Future Leaders)
389,8,59.74131021703083,45,1,0,Steady Learners
390,7,60.051686043365336,65,1,0,Steady Learners
391,3,66.50366745462554,111,1,0,Steady Learners
392,17,17.53712786234496,12,1,1,At-Risk (Need Nudge)
393,1,91.44119459249598,136,1,2,Steady Learners
394,16,41.87705248920731,85,1,0,Steady Learners
395,12,38.31385282494975,89,1,0,Steady Learners
396,27,51.89177052828376,57,1,0,Steady Learners
397,19,4.696596677505505,53,1,1,At-Risk (Need Nudge)
398,22,16.628336875607943,11,1,1,At-Risk (Need Nudge)
399,23,73.80336164263704,13,1,2,Top Tier (Future Leaders)
400,22,8.279866792512646,120,1,1,At-Risk (Need Nudge)
401,14,60.31521094663882,120,1,0,Steady Learners
402,6,24.534910968132095,19,1,1,At-Risk (Need Nudge)
403,6,38.929561404197656,74,1,0,Steady Learners
404,13,28.869373677069987,143,1,1,At-Risk (Need Nudge)
405,19,35.567271646494916,69,1,0,Steady Learners
406,22,71.90459051842456,55,1,2,Top Tier (Future Leaders)
407,8,29.7121715623175,100,1,1,At-Risk (Need Nudge)
408,27,56.64046402968972,131,0,0,Steady Learners
409,27,47.60504021990997,110,1,0,Steady Learners
410,2,66.36711653626482,124,0,0,Steady Learners
411,21,93.6829739324758,131,1,2,Top Tier (Future Leaders)
412,1,73.25720972102503,19,1,2,Steady Learners
413,28,21.494037859075675,137,1,1,At-Risk (Need Nudge)
414,15,3.1183135061284672,23,1,1,At-Risk (Need Nudge)
415,1,26.22640442998251,36,1,1,At-Risk (Need Nudge)
416,5,59.507793070025485,53,1,0,Steady Learners
417,28,5.1425813484250344,102,0,1,At-Risk (Need Nudge)
418,29,49.636624720123635,148,1,0,Steady Learners
419,16,59.68428489168892,37,0,0,Steady Learners
420,19,33.424389081696084,3,1,1,Steady Learners
421,4,77.09122037458219,56,1,2,Steady Learners
422,3,10.65982531337718,19,1,1,At-Risk (Need Nudge)
423,17,7.513778173580876,16,1,1,At-Risk (Need Nudge)
424,17,72.81887562036033,118,1,2,Steady Learners
425,12,49.549131620619846,70,1,0,Steady Learners
426,28,68.84023964277361,3,0,2,Steady Learners
427,29,43.48273386037462,13,0,0,Steady Learners
428,14,24.640203323910683,2,0,1,At-Risk (Need Nudge)
429,21,81.91023176741997,79,1,2,Top Tier (Future Leaders)
430,6,79.94158789689793,54,1,2,Steady Learners
431,3,69.46964708544267,131,1,2,Steady Learners
432,28,27.21451372299627,119,1,1,At-Risk (Need Nudge)
433,9,59.023066686908706,23,1,0,Steady Learners
434,5,36.09738969400268,81,1,0,Steady Learners
435,24,9.158207332663416,146,1,1,At-Risk (Need Nudge)
436,29,91.73135754622427,59,1,2,Top Tier (Future Leaders)
437,17,13.68186309189614,146,1,1,At-Risk (Need Nudge)
438,14,95.02373538208025,48,1,2,Steady Learners
439,21,44.600577295795574,62,1,0,Steady Learners
440,3,18.513292883861965,109,0,1,At-Risk (Need Nudge)
441,28,54.190094737835814,149,1,0,Steady Learners
442,1,87.29458358764083,108,1,2,Steady Learners
443,20,73.22248864095612,75,1,2,Steady Learners
444,29,80.65611478614497,29,1,2,Top Tier (Future Leaders)
445,21,65.87833667107174,57,0,0,Steady Learners
446,23,69.22765645178525,116,1,2,Steady Learners
447,1,84.91956515653193,99,1,2,Steady Learners
448,3,24.966800885918595,18,1,1,At-Risk (Need Nudge)
449,18,48.942496364314046,93,1,0,Steady Learners
450,25,22.120944181960223,112,1,1,At-Risk (Need Nudge)
451,10,98.7668007996647,145,1,2,Steady Learners
452,22,94.40593396866133,62,1,2,Top Tier (Future Leaders)
453,26,3.94268113685059,115,1,1,At-Risk (Need Nudge)
454,3,70.55751725156884,112,0,2,Steady Learners
455,8,92.52483174156659,46,1,2,Steady Learners
456,14,18.057534512733355,56,1,1,At-Risk (Need Nudge)
457,24,56.79452305526295,117,1,0,Steady Learners
458,18,91.54882975880419,44,1,2,Steady Learners
459,15,3.394597858579884,144,1,1,At-Risk (Need Nudge)
460,22,69.742026724684,3,1,2,Steady Learners
461,23,29.734900737255078,147,1,1,At-Risk (Need Nudge)
462,2,92.43961953765304,46,1,2,Steady Learners
463,27,97.10582451653677,142,1,2,Top Tier (Future Leaders)
464,10,94.42664891134339,46,1,2,Steady Learners
465,2,47.42142166574638,77,1,0,Steady Learners
466,26,86.20426509893134,123,1,2,Top Tier (Future Leaders)
467,17,84.45493985350704,74,0,2,Steady Learners
468,8,31.910047324325564,102,1,1,Steady Learners
469,1,82.89154741506773,136,1,2,Steady Learners
470,9,3.700763471549262,89,1,1,At-Risk (Need Nudge)
471,11,59.6269878482053,143,1,0,Steady Learners
472,22,23.000883728770305,68,1,1,At-Risk (Need Nudge)
473,16,12.056688577727881,60,0,1,At-Risk (Need Nudge)
474,7,7.695320162920916,137,1,1,At-Risk (Need Nudge)
475,29,69.62887758781397,49,0,2,Steady Learners
476,10,33.98749637680661,2,1,0,Steady Learners
477,23,72.47667715287615,106,1,2,Top Tier (Future Leaders)
478,26,6.535634079894237,112,1,1,At-Risk (Need Nudge)
479,3,31.529033783061035,93,1,1,Steady Learners
480,18,53.949129237533725,117,1,0,Steady Learners
481,25,79.07231648389636,80,1,2,Top Tier (Future Leaders)
482,24,31.875250293206992,108,0,1,Steady Learners
483,13,62.58913764370091,50,1,0,Steady Learners
484,28,88.5977748236187,146,1,2,Top Tier (Future Leaders)
485,26,61.58631881823046,34,1,0,Steady Learners
486,7,23.295947475363377,45,1,1,At-Risk (Need Nudge)
487,25,2.440078155653802,68,1,1,At-Risk (Need Nudge)
488,4,87.00988739009298,92,1,2,Steady Learners
489,13,2.126941085038714,63,0,1,At-Risk (Need Nudge)
490,20,87.47016726841994,48,1,2,Steady Learners
491,1,52.8937134027212,148,1,0,Steady Learners
492,8,93.90676985128962,73,1,2,Steady Learners
493,14,79.87832357736654,4,1,2,Steady Learners
494,16,99.79341105333374,99,0,2,Steady Learners
495,14,35.071181545171015,69,1,0,Steady Learners
496,12,76.71882889311269,89,1,2,Steady Learners
497,19,40.193091360924214,3,0,0,Steady Learners
498,23,47.98756203039088,125,0,0,Steady Learners
499,15,62.75054632183701,38,1,0,Steady Learners
500,28,87.36771141863387,128,1,2,Top Tier (Future Leaders)
501,2,98.40834691992951,23,1,2,Steady Learners
502,2,76.82734138645182,56,1,2,Steady Learners
503,23,41.77667821673337,99,1,0,Steady Learners
504,22,42.13570022770702,69,1,0,Steady Learners
505,19,73.75823015888915,40,1,2,Steady Learners
506,25,23.877714576830233,59,1,1,At-Risk (Need Nudge)
507,26,11.047411313139467,107,1,1,At-Risk (Need Nudge)
508,29,35.462215764077655,56,1,0,Steady Learners
509,22,28.723899165408174,30,0,1,At-Risk (Need Nudge)
510,26,29.630812045599008,83,1,1,At-Risk (Need Nudge)
511,26,23.360775104990992,35,1,1,At-Risk (Need Nudge)
512,22,4.209318963636188,107,1,1,At-Risk (Need Nudge)
513,17,1.787393473341381,105,1,1,At-Risk (Need Nudge)
514,20,98.77223897360315,85,1,2,Steady Learners
515,10,42.77731337358623,134,1,0,Steady Learners
516,6,38.432664715968166,13,0,0,Steady Learners
517,15,67.96472826930699,119,1,2,Steady Learners
518,22,21.825388786506416,137,1,1,At-Risk (Need Nudge)
519,11,94.99611839502253,79,1,2,Steady Learners
520,28,78.6345014415552,143,0,2,Top Tier (Future Leaders)
521,5,8.94110023122595,105,1,1,At-Risk (Need Nudge)
522,1,41.75807757849284,69,1,0,Steady Learners
523,8,87.91183075621647,43,1,2,Steady Learners
524,21,94.47320222914102,72,1,2,Top Tier (Future Leaders)
525,28,46.74015112498697,44,1,0,Steady Learners
526,12,61.34113892107077,106,1,0,Steady Learners
527,12,16.70339460920752,83,1,1,At-Risk (Need Nudge)
528,5,99.11686261369765,81,1,2,Steady Learners
529,7,23.16717013834434,106,0,1,At-Risk (Need Nudge)
530,4,94.27317741351257,20,1,2,Steady Learners
531,6,64.96466489923685,6,1,0,Steady Learners
532,13,60.773679487885914,69,1,0,Steady Learners
533,20,51.26885110165086,126,0,0,Steady Learners
534,15,23.06698117177587,142,1,1,At-Risk (Need Nudge)
535,3,17.652803200550828,147,1,1,At-Risk (Need Nudge)
536,23,22.048620907017536,142,0,1,At-Risk (Need Nudge)
537,8,18.643826214425452,148,0,1,At-Risk (Need Nudge)
538,20,77.95844735667534,119,0,2,Steady Learners
539,16,35.01252591667301,127,1,0,Steady Learners
540,13,5.784267656339637,141,0,1,At-Risk (Need Nudge)
541,18,96.91026301408114,56,0,2,Steady Learners
542,28,88.37858849634257,57,1,2,Top Tier (Future Leaders)
543,10,92.77522831952129,20,1,2,Steady Learners
544,19,99.49078226464353,81,0,2,Steady Learners
545,17,17.38952492194873,68,0,1,At-Risk (Need Nudge)
546,24,39.62420189026587,130,0,0,Steady Learners
547,19,75.82384757040913,86,1,2,Steady Learners
548,28,69.60206180537922,48,1,2,Steady Learners
549,26,15.389590633985506,146,0,1,At-Risk (Need Nudge)
550,23,81.58331249906178,114,0,2,Top Tier (Future Leaders)
551,26,22.444057183666068,88,1,1,At-Risk (Need Nudge)
552,5,22.38176148226231,84,1,1,At-Risk (Need Nudge)
553,26,53.69744228934136,127,1,0,Steady Learners
554,21,59.293993484170315,139,1,0,Steady Learners
555,23,58.00862078378112,116,1,0,Steady Learners
556,9,9.148683739775487,126,1,1,At-Risk (Need Nudge)
557,12,87.74608626303804,70,1,2,Steady Learners
558,21,26.560004258870606,85,1,1,At-Risk (Need Nudge)
559,1,12.951492128280417,32,1,1,At-Risk (Need Nudge)
560,26,88.87480798689772,80,0,2,Top Tier (Future Leaders)
561,26,95.56514982297534,60,1,2,Top Tier (Future Leaders)
562,1,86.21276172654507,60,0,2,Steady Learners
563,15,80.95160747248781,97,1,2,Steady Learners
564,2,65.52419806390218,27,1,0,Steady Learners
565,22,55.08573706091393,42,1,0,Steady Learners
566,16,8.698675991141014,85,0,1,At-Risk (Need Nudge)
567,25,40.845321307069874,16,1,0,Steady Learners
568,8,37.2688517012314,97,1,0,Steady Learners
569,13,25.97537837603262,97,1,1,At-Risk (Need Nudge)
570,21,72.3420113688585,64,1,2,Top Tier (Future Leaders)
571,1,49.58757350787708,73,1,0,Steady Learners
572,16,8.104621590764793,84,1,1,At-Risk (Need Nudge)
573,29,22.018320194981133,4,1,1,At-Risk (Need Nudge)
574,7,68.32587636595959,1,1,2,Steady Learners
575,5,7.613085949030019,21,0,1,At-Risk (Need Nudge)
576,22,85.12069140487687,111,1,2,Top Tier (Future Leaders)
577,29,49.51465270139743,56,1,0,Steady Learners
578,23,48.0586577326648,65,1,0,Steady Learners
579,3,59.24077846595176,73,1,0,Steady Learners
580,12,82.46809659251491,97,1,2,Steady Learners
581,26,34.780920790219305,143,1,0,Steady Learners
582,16,67.80161525590636,111,1,2,Steady Learners
583,19,56.5731963995791,124,1,0,Steady Learners
584,5,26.70282701694213,85,1,1,At-Risk (Need Nudge)
585,22,87.8629986355158,75,1,2,Top Tier (Future Leaders)
586,25,79.74260216069281,87,1,2,Top Tier (Future Leaders)
587,29,65.84518346584255,37,0,0,Steady Learners
588,14,85.05817290942419,58,1,2,Steady Learners
589,28,86.72942009598023,137,1,2,Top Tier (Future Leaders)
590,5,70.83629767150347,98,1,2,Steady Learners
591,15,83.7013328363672,62,1,2,Steady Learners
592,17,69.74714616692836,48,1,2,Steady Learners
593,14,68.01407717603004,31,1,2,Steady Learners
594,20,61.86113782151843,134,0,0,Steady Learners
595,5,75.27166395576413,20,0,2,Steady Learners
596,12,15.86051052930737,19,0,1,At-Risk (Need Nudge)
597,16,88.08707591989284,126,1,2,Steady Learners
598,26,87.1843527745232,67,0,2,Top Tier (Future Leaders)
599,26,2.9247283034559146,109,1,1,At-Risk (Need Nudge)
600,16,82.58167505647627,115,1,2,Steady Learners
601,21,12.886986747344519,142,1,1,At-Risk (Need Nudge)
602,7,33.51188542591419,119,1,0,Steady Learners
603,4,74.35082562916078,78,1,2,Steady Learners
604,1,16.07598960483082,115,1,1,At-Risk (Need Nudge)
605,5,81.79670241190622,91,1,2,Steady Learners
606,23,83.21341779577419,13,0,2,Top Tier (Future Leaders)
607,26,50.746773376083624,124,1,0,Steady Learners
608,10,0.638587171683358,57,1,1,At-Risk (Need Nudge)
609,22,28.703813317491278,27,0,1,At-Risk (Need Nudge)
610,5,61.69269183757422,25,1,0,Steady Learners
611,4,98.11861780274235,112,1,2,Steady Learners
612,2,63.18135270166684,65,1,0,Steady Learners
613,20,25.98035810641598,130,1,1,At-Risk (Need Nudge)
614,10,63.40057030996113,43,1,0,Steady Learners
615,26,53.99853797158555,96,0,0,Steady Learners
616,19,77.98453951511436,41,1,2,Steady Learners
617,26,10.698063882695841,5,1,1,At-Risk (Need Nudge)
618,1,76.1027902502028,22,1,2,Steady Learners
619,24,54.12665786761103,88,1,0,Steady Learners
620,5,96.29920038589947,122,1,2,Steady Learners
621,13,34.187216603868606,146,1,0,Steady Learners
622,4,63.26218931339481,50,1,0,Steady Learners
623,16,93.20281055100175,10,0,2,Steady Learners
624,24,10.250972799067926,11,1,1,At-Risk (Need Nudge)
625,16,93.72284872364511,73,1,2,Steady Learners
626,23,68.78857223008133,7,0,2,Steady Learners
627,2,6.78370591051719,40,1,1,At-Risk (Need Nudge)
628,17,30.096356694681624,84,1,1,Steady Learners
629,28,70.81720886452815,71,1,2,Top Tier (Future Leaders)
630,27,6.73506014687717,54,0,1,At-Risk (Need Nudge)
631,20,58.217046017627325,136,1,0,Steady Learners
632,24,34.588305695295674,46,1,0,Steady Learners
633,12,62.091551776747714,142,1,0,Steady Learners
634,18,4.5742033812512854,103,0,1,At-Risk (Need Nudge)
635,3,87.15368061523763,41,1,2,Steady Learners
636,28,97.3488969177397,59,1,2,Top Tier (Future Leaders)
637,1,96.88778552856915,11,1,2,Steady Learners
638,1,74.96518317429248,129,1,2,Steady Learners
639,29,13.008624013063198,6,1,1,At-Risk (Need Nudge)
640,19,75.82631959290225,79,1,2,Steady Learners
641,11,2.458691645880151,130,0,1,At-Risk (Need Nudge)
642,5,2.2123551528997254,108,1,1,At-Risk (Need Nudge)
643,12,32.36102191495412,2,0,1,Steady Learners
644,3,48.864319040466576,26,1,0,Steady Learners
645,1,77.04074178077931,113,0,2,Steady Learners
646,1,68.32953766065052,106,1,2,Steady Learners
647,8,44.590270637674834,39,1,0,Steady Learners
648,10,27.362666628166586,128,1,1,At-Risk (Need Nudge)
649,11,99.71245001577111,7,0,2,Steady Learners
650,12,42.6181302235973,100,1,0,Steady Learners
651,29,45.13870243296755,123,1,0,Steady Learners
652,13,16.362382119166917,106,1,1,At-Risk (Need Nudge)
653,12,79.48095487499293,100,1,2,Steady Learners
654,14,69.36822257814886,3,1,2,Steady Learners
655,2,22.07696127887604,109,1,1,At-Risk (Need Nudge)
656,29,8.238104561584269,18,1,1,At-Risk (Need Nudge)
657,19,68.0499302074713,31,1,2,Steady Learners
658,18,65.45112142811352,136,1,0,Steady Learners
659,3,27.32595269982093,11,1,1,At-Risk (Need Nudge)
660,23,95.08635622504103,138,0,2,Top Tier (Future Leaders)
661,17,15.105789178090024,45,0,1,At-Risk (Need Nudge)
662,26,43.23348010426019,118,0,0,Steady Learners
663,8,94.36159201675989,15,1,2,Steady Learners
664,29,41.97273169261223,128,1,0,Steady Learners
665,26,63.85259476640856,62,1,0,Steady Learners
666,10,39.75943979627943,108,1,0,Steady Learners
667,26,27.421520234867003,118,0,1,At-Risk (Need Nudge)
668,2,98.39776479598282,20,1,2,Steady Learners
669,19,40.9334006315043,12,1,0,Steady Learners
670,9,89.40992036791344,3,1,2,Steady Learners
671,7,22.995460589108617,101,0,1,At-Risk (Need Nudge)
672,4,21.31047040250833,58,1,1,At-Risk (Need Nudge)
673,26,3.113408288451136,127,1,1,At-Risk (Need Nudge)
674,21,65.1666825375885,26,1,0,Steady Learners
675,18,36.852634372376116,68,1,0,Steady Learners
676,13,86.4358249839637,24,1,2,Steady Learners
677,11,47.32099066915572,130,1,0,Steady Learners
678,29,96.81934279147217,96,1,2,Top Tier (Future Leaders)
679,24,18.552551570312115,24,1,1,At-Risk (Need Nudge)
680,4,86.86231679556109,147,1,2,Steady Learners
681,25,77.65968527917417,125,1,2,Top Tier (Future Leaders)
682,21,77.0921844644052,132,1,2,Top Tier (Future Leaders)
683,29,84.47832281168877,8,1,2,Top Tier (Future Leaders)
684,25,76.10239909429988,115,1,2,Top Tier (Future Leaders)
685,4,62.62203216314154,133,1,0,Steady Learners
686,10,13.124487768238758,59,1,1,At-Risk (Need Nudge)
687,5,3.2526179491251916,120,0,1,At-Risk (Need Nudge)
688,9,92.08478478156869,138,1,2,Steady Learners
689,24,61.665031452073805,107,1,0,Steady Learners
690,3,79.65372909761763,107,1,2,Steady Learners
691,17,48.152235151255006,130,1,0,Steady Learners
692,3,11.730818896239448,75,1,1,At-Risk (Need Nudge)
693,16,12.518579220255043,29,1,1,At-Risk (Need Nudge)
694,4,68.55652872289714,20,1,2,Steady Learners
695,18,43.030589489946266,33,1,0,Steady Learners
696,17,20.052472670033673,40,1,1,At-Risk (Need Nudge)
697,7,49.15945467414369,50,1,0,Steady Learners
698,24,6.420893707513409,81,1,1,At-Risk (Need Nudge)
699,23,58.19714019143988,57,1,0,Steady Learners
700,5,26.899340443509768,74,1,1,At-Risk (Need Nudge)
701,12,79.75591006371882,22,0,2,Steady Learners
702,17,31.036195892357377,127,1,1,Steady Learners
703,23,45.52201490818012,149,0,0,Steady Learners
704,13,1.1620539908100636,16,1,1,At-Risk (Need Nudge)
705,23,7.244688779455888,68,0,1,At-Risk (Need Nudge)
706,25,39.24935564066848,107,0,0,Steady Learners
707,3,47.99388347171235,138,1,0,Steady Learners
708,9,60.00205481193037,93,1,0,Steady Learners
709,17,29.166257870930323,14,1,1,At-Risk (Need Nudge)
710,17,69.49818861265426,90,1,2,Steady Learners
711,20,86.01223971892045,32,1,2,Steady Learners
712,16,77.98509888933498,124,1,2,Steady Learners
713,25,3.9618825348357145,15,1,1,At-Risk (Need Nudge)
714,22,48.0506947257829,65,1,0,Steady Learners
715,13,10.493017841817487,46,1,1,At-Risk (Need Nudge)
716,27,24.204501586252746,147,1,1,At-Risk (Need Nudge)
717,19,98.66625932671465,123,1,2,Steady Learners
718,17,14.249554290151323,0,1,1,At-Risk (Need Nudge)
719,4,49.888815345135605,86,1,0,Steady Learners
720,12,61.81557343181191,127,1,0,Steady Learners
721,29,70.2464970544104,66,1,2,Top Tier (Future Leaders)
722,9,55.96486834869141,3,1,0,Steady Learners
723,19,0.9770847419183659,46,1,1,At-Risk (Need Nudge)
724,12,32.64613082439919,37,1,1,Steady Learners
725,9,51.771164338471145,142,1,0,Steady Learners
726,7,8.786649914483336,20,1,1,At-Risk (Need Nudge)
727,28,35.06269312091808,56,1,0,Steady Learners
728,14,3.3203108791366565,116,1,1,At-Risk (Need Nudge)
729,20,7.857849715502074,45,1,1,At-Risk (Need Nudge)
730,19,39.69232762015961,141,1,0,Steady Learners
731,26,13.271575404306034,144,1,1,At-Risk (Need Nudge)
732,15,56.75408482615582,38,1,0,Steady Learners
733,16,68.94649691372658,136,0,2,Steady Learners
734,21,80.05866991090829,98,1,2,Top Tier (Future Leaders)
735,5,20.01502442448101,76,1,1,At-Risk (Need Nudge)
736,3,16.748258225906977,114,1,1,At-Risk (Need Nudge)
737,12,10.456784033440025,133,1,1,At-Risk (Need Nudge)
738,25,63.64302495436367,90,1,0,Steady Learners
739,20,70.64757264869012,97,1,2,Steady Learners
740,27,3.1586144825642037,119,1,1,At-Risk (Need Nudge)
741,21,93.62122462436898,45,0,2,Top Tier (Future Leaders)
742,4,5.1971283651472415,37,1,1,At-Risk (Need Nudge)
743,21,54.12963353010704,141,1,0,Steady Learners
744,23,70.90605194509165,99,1,2,Top Tier (Future Leaders)
745,16,87.09691237460856,71,1,2,Steady Learners
746,25,71.40869321324278,34,1,2,Top Tier (Future Leaders)
747,7,80.17280830697918,146,1,2,Steady Learners
748,13,33.94501925428061,29,1,0,Steady Learners
749,21,81.48251137465122,77,1,2,Top Tier (Future Leaders)
750,10,8.011484638467515,83,1,1,At-Risk (Need Nudge)
751,26,89.48166560605276,112,0,2,Top Tier (Future Leaders)
752,7,54.75923761537362,24,1,0,Steady Learners
753,14,81.72977699624937,87,1,2,Steady Learners
754,26,45.23182845183001,13,1,0,Steady Learners
755,5,64.35776951965249,101,0,0,Steady Learners
756,3,52.640266093611324,149,1,0,Steady Learners
757,23,73.15895217553319,82,1,2,Top Tier (Future Leaders)
758,29,8.162998203058958,109,0,1,At-Risk (Need Nudge)
759,11,6.03520839905638,130,1,1,At-Risk (Need Nudge)
760,11,24.710323401014644,18,1,1,At-Risk (Need Nudge)
761,18,15.954468011318834,27,1,1,At-Risk (Need Nudge)
762,15,87.17835665922017,70,1,2,Steady Learners
763,12,21.92139873580443,62,1,1,At-Risk (Need Nudge)
764,9,97.58652558191314,72,1,2,Steady Learners
765,10,33.68957917711069,123,1,0,Steady Learners
766,26,18.211791568869927,118,1,1,At-Risk (Need Nudge)
767,12,78.96985071424791,120,0,2,Steady Learners
768,17,65.87077755008761,18,1,0,Steady Learners
769,29,49.8195716453139,141,1,0,Steady Learners
770,6,55.53635509376312,119,1,0,Steady Learners
771,7,71.92017782722638,60,1,2,Steady Learners
772,14,22.845474133129873,29,1,1,At-Risk (Need Nudge)
773,13,99.63339160567419,8,0,2,Steady Learners
774,8,97.4793162146783,63,1,2,Steady Learners
775,10,65.03256863469369,119,1,0,Steady Learners
776,9,19.954245092914512,51,1,1,At-Risk (Need Nudge)
777,18,68.02282424312914,88,1,2,Steady Learners
778,27,7.219840897917584,141,1,1,At-Risk (Need Nudge)
779,26,3.0652502205806065,52,1,1,At-Risk (Need Nudge)
780,2,25.76828885112137,77,1,1,At-Risk (Need Nudge)
781,5,46.26229567393163,40,1,0,Steady Learners
782,29,86.82725054083805,67,1,2,Top Tier (Future Leaders)
783,5,72.7169069766308,7,1,2,Steady Learners
784,6,74.2706521199981,1,1,2,Steady Learners
785,19,42.54933344480754,104,0,0,Steady Learners
786,8,34.59349925469629,124,1,0,Steady Learners
787,16,37.10387629846027,109,1,0,Steady Learners
788,13,98.76495637360578,85,1,2,Steady Learners
789,1,4.010919141248248,119,1,1,At-Risk (Need Nudge)
790,22,86.70314961224486,126,1,2,Top Tier (Future Leaders)
791,20,57.86754085723934,15,1,0,Steady Learners
792,17,43.86154191895905,61,1,0,Steady Learners
793,7,72.52576604151365,112,1,2,Steady Learners
794,25,48.666894142470284,11,0,0,Steady Learners
795,13,87.34232380816606,34,1,2,Steady Learners
796,4,90.07018640112585,10,1,2,Steady Learners
797,4,42.17209268734554,63,1,0,Steady Learners
798,6,27.682779723505156,49,1,1,At-Risk (Need Nudge)
799,28,59.23503285933622,148,1,0,Steady Learners
800,19,91.2363345616691,68,1,2,Steady Learners
801,29,21.066218900566657,47,1,1,At-Risk (Need Nudge)
802,12,62.296658356348274,19,1,0,Steady Learners
803,22,63.156022009252055,100,1,0,Steady Learners
804,7,73.3113022415281,136,1,2,Steady Learners
805,27,13.15676851272598,67,1,1,At-Risk (Need Nudge)
806,10,71.58249646820886,34,1,2,Steady Learners
807,26,90.9032520665641,64,1,2,Top Tier (Future Leaders)
808,19,17.968310887024195,7,1,1,At-Risk (Need Nudge)
809,7,23.754332492387764,44,1,1,At-Risk (Need Nudge)
810,3,97.13950940416396,86,1,2,Steady Learners
811,13,18.097695270948975,75,1,1,At-Risk (Need Nudge)
812,13,85.4385093369579,75,0,2,Steady Learners
813,18,49.227785644803475,46,1,0,Steady Learners
814,28,24.723107440317705,14,1,1,At-Risk (Need Nudge)
815,26,87.07499012725114,104,0,2,Top Tier (Future Leaders)
816,20,44.53052550026655,146,1,0,Steady Learners
817,28,51.48173539296902,25,1,0,Steady Learners
818,8,35.92333693997657,51,0,0,Steady Learners
819,29,59.29508514349274,92,1,0,Steady Learners
820,9,16.352387258502276,149,1,1,At-Risk (Need Nudge)
821,7,39.10815366517607,20,1,0,Steady Learners
822,1,96.94123223352875,50,1,2,Steady Learners
823,3,25.813343270112753,37,1,1,At-Risk (Need Nudge)
824,13,65.67366645412922,19,1,0,Steady Learners
825,28,32.51900642246949,131,1,1,Steady Learners
826,25,77.34731256866006,54,1,2,Top Tier (Future Leaders)
827,28,13.087366071834982,91,1,1,At-Risk (Need Nudge)
828,17,96.98210450785447,27,1,2,Steady Learners
829,25,45.37895413836392,3,1,0,Steady Learners
830,24,23.605046334646396,149,1,1,At-Risk (Need Nudge)
831,1,7.349674733001265,75,1,1,At-Risk (Need Nudge)
832,6,16.975790508754073,66,1,1,At-Risk (Need Nudge)
833,21,51.977394855601766,85,1,0,Steady Learners
834,6,33.70031764312863,90,1,0,Steady Learners
835,26,82.88833658826094,104,0,2,Top Tier (Future Leaders)
836,12,43.08875236618059,0,1,0,Steady Learners
837,13,24.871427258762992,71,1,1,At-Risk (Need Nudge)
838,13,61.714498660403,86,1,0,Steady Learners
839,29,70.67772168854458,5,1,2,Top Tier (Future Leaders)
840,15,16.704190790094987,144,1,1,At-Risk (Need Nudge)
841,21,16.761921628831765,60,1,1,At-Risk (Need Nudge)
842,16,3.667142693354297,11,1,1,At-Risk (Need Nudge)
843,22,73.64020150656405,5,0,2,Top Tier (Future Leaders)
844,21,66.38045276218051,26,1,0,Steady Learners
845,11,47.46308757498139,135,1,0,Steady Learners
846,28,84.41704489691972,123,1,2,Top Tier (Future Leaders)
847,5,80.56701529500532,105,1,2,Steady Learners
848,4,58.535436439675216,92,1,0,Steady Learners
849,3,86.82712805132586,108,1,2,Steady Learners
850,19,20.584121003676824,98,1,1,At-Risk (Need Nudge)
851,20,11.191961939772789,141,1,1,At-Risk (Need Nudge)
852,25,26.974961151698963,34,1,1,At-Risk (Need Nudge)
853,18,5.708685608931486,83,1,1,At-Risk (Need Nudge)
854,15,53.1169528001032,55,1,0,Steady Learners
855,9,93.66056922949615,140,1,2,Steady Learners
856,17,3.9343540668509647,48,1,1,At-Risk (Need Nudge)
857,14,12.21099140100268,45,1,1,At-Risk (Need Nudge)
858,15,45.21990282834353,112,1,0,Steady Learners
859,1,93.38750175279048,135,1,2,Steady Learners
860,21,31.61561049767505,42,1,1,Steady Learners
861,22,50.723480868839246,147,1,0,Steady Learners
862,22,4.15728590503921,123,1,1,At-Risk (Need Nudge)
863,3,14.834320096208886,96,0,1,At-Risk (Need Nudge)
864,16,98.66301229588468,89,1,2,Steady Learners
865,23,96.51186964360456,38,1,2,Top Tier (Future Leaders)
866,25,0.49399809344096157,84,1,1,At-Risk (Need Nudge)
867,11,95.18117854232389,61,1,2,Steady Learners
868,12,63.91199378155004,105,1,0,Steady Learners
869,10,86.79182945200222,106,1,2,Steady Learners
870,16,45.47398556338591,53,0,0,Steady Learners
871,8,51.55960285792502,125,1,0,Steady Learners
872,6,48.88465802569202,8,1,0,Steady Learners
873,12,66.68642575461044,87,0,0,Steady Learners
874,24,13.96512547563129,36,1,1,At-Risk (Need Nudge)
875,28,2.9973589872677953,48,1,1,At-Risk (Need Nudge)
876,21,30.79299415911909,40,0,1,Steady Learners
877,8,70.46807627366466,16,1,2,Steady Learners
878,26,20.185345212294838,87,0,1,At-Risk (Need Nudge)
879,28,67.34324333249174,20,1,0,Steady Learners
880,4,96.99120461072704,50,1,2,Steady Learners
881,26,9.39007157894184,58,1,1,At-Risk (Need Nudge)
882,8,67.26021182251263,40,1,2,Steady Learners
883,26,44.375021930457116,38,1,0,Steady Learners
884,28,86.81422543775054,140,1,2,Top Tier (Future Leaders)
885,18,17.71497894473859,10,1,1,At-Risk (Need Nudge)
886,28,69.26259522261645,146,1,2,Steady Learners
887,28,83.81152896481102,138,1,2,Top Tier (Future Leaders)
888,5,94.46142194740233,76,0,2,Steady Learners
889,9,68.32480282896458,126,1,2,Steady Learners
890,4,49.71747640084273,45,0,0,Steady Learners
891,27,61.78472402012139,44,1,0,Steady Learners
892,22,86.89049844787182,0,1,2,Top Tier (Future Leaders)
893,17,57.060974663882966,107,1,0,Steady Learners
894,9,3.038705969683686,18,1,1,At-Risk (Need Nudge)
895,1,93.09486955069778,75,1,2,Steady Learners
896,21,68.95267510315611,71,0,2,Steady Learners
897,20,67.65133857772466,108,1,2,Steady Learners
898,13,21.567515239771716,11,1,1,At-Risk (Need Nudge)
899,28,65.88854702326572,44,1,0,Steady Learners
900,16,39.386440565415846,89,1,0,Steady Learners
901,29,65.12329770414921,102,1,0,Steady Learners
902,13,10.659303030799073,7,1,1,At-Risk (Need Nudge)
903,14,65.7845304603036,90,1,0,Steady Learners
904,3,99.94137257706666,86,0,2,Steady Learners
905,29,4.821203886055603,83,0,1,At-Risk (Need Nudge)
906,6,97.71741842213173,81,0,2,Steady Learners
907,18,40.690796072287064,145,1,0,Steady Learners
908,19,87.07534503372591,67,1,2,Steady Learners
909,5,78.23854840582734,126,1,2,Steady Learners
910,15,56.70162609866678,81,1,0,Steady Learners
911,25,73.84492092513266,146,1,2,Top Tier (Future Leaders)
912,2,87.8515561301348,83,1,2,Steady Learners
913,10,40.4140321651033,112,1,0,Steady Learners
914,24,32.70331615632387,75,0,1,Steady Learners
915,18,66.75933855635847,121,1,0,Steady Learners
916,27,80.78459419412586,142,1,2,Top Tier (Future Leaders)
917,13,76.22851347766158,40,1,2,Steady Learners
918,5,79.78136488586345,1,1,2,Steady Learners
919,23,43.5583314812933,28,1,0,Steady Learners
920,24,81.78342161750216,104,1,2,Top Tier (Future Leaders)
921,1,12.020905537060845,50,0,1,At-Risk (Need Nudge)
922,22,54.448909796084955,74,1,0,Steady Learners
923,1,0.575866049812157,9,1,1,At-Risk (Need Nudge)
924,18,32.45858299002703,141,1,1,Steady Learners
925,15,36.646153487139784,50,1,0,Steady Learners
926,17,39.61726916092554,117,1,0,Steady Learners
927,11,69.54672066898621,120,1,2,Steady Learners
928,21,38.85581012703457,38,1,0,Steady Learners
929,26,44.86936226225306,27,1,0,Steady Learners
930,25,23.754413087432745,2,1,1,At-Risk (Need Nudge)
931,22,37.325179162934006,83,1,0,Steady Learners
932,27,22.726962726315147,116,1,1,At-Risk (Need Nudge)
933,27,7.319592376844364,1,1,1,At-Risk (Need Nudge)
934,17,60.34485933813779,92,0,0,Steady Learners
935,13,66.82127985550163,130,1,0,Steady Learners
936,1,61.94903460096145,143,1,0,Steady Learners
937,2,46.34940438005724,93,1,0,Steady Learners
938,9,37.978578017922985,39,1,0,Steady Learners
939,3,86.33336495718252,1,1,2,Steady Learners
940,1,51.908178513621806,80,1,0,Steady Learners
941,21,47.9181877629731,11,1,0,Steady Learners
942,16,2.5642065806435688,64,0,1,At-Risk (Need Nudge)
943,23,34.12478276261564,54,1,0,Steady Learners
944,6,38.019561878585705,44,1,0,Steady Learners
945,28,39.88227808969005,100,1,0,Steady Learners
946,17,58.017236922733225,61,1,0,Steady Learners
947,5,53.360254672687844,48,1,0,Steady Learners
948,5,60.79050927934446,126,1,0,Steady Learners
949,6,76.48832615421283,22,1,2,Steady Learners
950,3,81.29857387160935,37,1,2,Steady Learners
951,21,71.81230762264944,27,1,2,Top Tier (Future Leaders)
952,23,95.55236959549347,20,1,2,Top Tier (Future Leaders)
953,5,1.823258267636163,106,1,1,At-Risk (Need Nudge)
954,21,19.57779856835461,145,1,1,At-Risk (Need Nudge)
955,5,0.756287497814212,98,1,1,At-Risk (Need Nudge)
956,10,64.7474714154603,118,1,0,Steady Learners
957,10,89.8030548949987,72,1,2,Steady Learners
958,19,24.34822965762993,121,0,1,At-Risk (Need Nudge)
959,17,92.70345447963066,29,1,2,Steady Learners
960,21,6.026739028956085,107,1,1,At-Risk (Need Nudge)
961,14,93.44360268055144,97,1,2,Steady Learners
962,9,35.16226872396344,31,1,0,Steady Learners
963,14,10.142082844921651,78,1,1,At-Risk (Need Nudge)
964,1,48.58717591863256,40,1,0,Steady Learners
965,19,25.677656772050796,62,1,1,At-Risk (Need Nudge)
966,13,28.487290196192284,22,0,1,At-Risk (Need Nudge)
967,13,30.728996492628657,103,1,1,Steady Learners
968,4,80.30258978326634,74,1,2,Steady Learners
969,1,53.91612766752545,47,1,0,Steady Learners
970,17,31.130769915600364,56,1,1,Steady Learners
971,8,61.03337833109184,117,1,0,Steady Learners
972,2,71.61506742231936,99,1,2,Steady Learners
973,28,27.262400073353376,123,1,1,At-Risk (Need Nudge)
974,8,41.354910152535155,33,1,0,Steady Learners
975,7,12.188609333694755,6,1,1,At-Risk (Need Nudge)
976,26,18.11493495346803,55,1,1,At-Risk (Need Nudge)
977,26,68.11178539649828,64,1,2,Steady Learners
978,2,18.143834769562694,46,1,1,At-Risk (Need Nudge)
979,22,52.516338366706016,147,1,0,Steady Learners
980,22,70.90462617224327,18,1,2,Top Tier (Future Leaders)
981,3,10.687692309474384,145,1,1,At-Risk (Need Nudge)
982,27,56.73122196289035,125,0,0,Steady Learners
983,18,25.656278370136377,138,1,1,At-Risk (Need Nudge)
984,12,96.29268752375798,48,1,2,Steady Learners
985,1,48.35456467199247,112,1,0,Steady Learners
986,22,80.59925497751581,37,1,2,Top Tier (Future Leaders)
987,12,55.022654215626176,63,1,0,Steady Learners
988,5,4.341253285481916,68,1,1,At-Risk (Need Nudge)
989,27,63.31513755940223,135,1,0,Steady Learners
990,25,95.14033422066571,115,1,2,Top Tier (Future Leaders)
991,17,60.16118201463312,64,1,0,Steady Learners
992,16,81.91888594267903,30,0,2,Steady Learners
993,15,88.42064633484078,131,1,2,Steady Learners
994,23,22.807977194893247,112,1,1,At-Risk (Need Nudge)
995,15,21.204483990822666,108,1,1,At-Risk (Need Nudge)
996,5,61.09809888509917,68,1,0,Steady Learners
997,21,41.10284698067047,119,1,0,Steady Learners
998,14,83.98613028667204,87,1,2,Steady Learners
999,2,90.00231233980112,66,1,2,Steady Learners
1000,11,35.34213793027181,74,1,0,Steady Learners
